Workbook

Sheet Sheet1
A2: サンヨネ
A3: 日曜日出荷
B4: 列1 | C4: 列2 | D4: 列3 | E4: 列4 | F4: 列5 | G4: 列6
A5: 小粒 | B5: シールの枚数 | C5: 6+α枚 | D5: ６枚 | E5: ６枚 | F5: ６枚 | G5: ３枚 | I5: 包装した数
A6: (商品コード50) | B6: 商品コード | C6: 359 | D6: 362 | E6: 363 | F6: 360 | G6: 365 | I6: 377
B7: 店舗名 | C7: 蒲郡 | D7: 東 | E7: 豊川 | F7: 高師 | G7: 魚町 | I7: 合計
B8: 個数 | C8: =I6-250 -> 127 | D8: 70 | E8: 90 | F8: 70 | G8: 20 | I8: =SUM(Sheet1!$C8:$G8) -> 377
C9: 90+α | D9: 蒲郡以外で２５０個
B12: 列1 | C12: 列2 | D12: 列3 | E12: 列4 | F12: 列5 | G12: 列6
A13: フクユタカ | B13: シールの枚数 | C13: 6+α枚 | D13: ６枚 | E13: ６枚 | F13: ６枚 | G13: ３枚 | I13: 包装した数
A14: (商品コード) | B14: 商品コード | C14: 359 | D14: 362 | E14: 363 | F14: 360 | G14: 365 | I14: 377
B15: 店舗名 | C15: 蒲郡 | D15: 東 | E15: 豊川 | F15: 高師 | G15: 魚町 | I15: 合計
B16: 個数 | C16: =I14-260 -> 117 | D16: 80 | E16: 100 | F16: 60 | G16: 20 | I16: =SUM(Sheet1!$C16:$G16) -> 377
C17: 80+α | D17: 蒲郡以外で２6０個
A19: 平日出荷
B20: 列1 | C20: 列2 | D20: 列3 | E20: 列4 | F20: 列5 | G20: 列6
A21: 小粒 | B21: シールの枚数 | C21: 6+α枚 | D21: ６枚 | E21: ６枚 | F21: ６枚 | G21: ３枚 | I21: 包装した数
A22: (商品コード50) | B22: 商品コード | C22: 359 | D22: 362 | E22: 363 | F22: 360 | G22: 365 | I22: 377
B23: 店舗名 | C23: 蒲郡 | D23: 東 | E23: 豊川 | F23: 高師 | G23: 魚町 | I23: 合計
B24: 個数 | C24: =I22-250 -> 127 | D24: 60 | E24: 90 | F24: 60 | G24: 40 | I24: =SUM(Sheet1!$C24:$G24) -> 377
C25: 90+α | D25: 蒲郡以外で２５０個
B28: 列1 | C28: 列2 | D28: 列3 | E28: 列4 | F28: 列5 | G28: 列6
A29: フクユタカ | B29: シールの枚数 | C29: 6+α枚 | D29: ６枚 | E29: ６枚 | F29: ６枚 | G29: ３枚 | I29: 包装した数
A30: (商品コード) | B30: 商品コード | C30: 359 | D30: 362 | E30: 363 | F30: 360 | G30: 365 | I30: 377
B31: 店舗名 | C31: 蒲郡 | D31: 東 | E31: 豊川 | F31: 高師 | G31: 魚町 | I31: 合計
B32: 個数 | C32: =I30-280 -> 97 | D32: 90 | E32: 60 | F32: 80 | G32: 50 | I32: =SUM(Sheet1!$C32:$G32) -> 377
C33: 60+α | D33: 蒲郡以外で２８０個

Sheet 日曜日出荷　小粒
A3: 日曜日出荷
B4: 列1 | C4: 列2 | D4: 列3 | E4: 列4 | F4: 列5 | G4: 列6
A5: 小粒 | B5: シールの枚数 | C5: 6+α枚 | D5: ６枚 | E5: ６枚 | F5: ６枚 | G5: ３枚 | I5: 包装した数
A6: (商品コード50) | B6: 商品コード | C6: 359 | D6: 362 | E6: 363 | F6: 360 | G6: 365 | I6: 377
B7: 店舗名 | C7: 蒲郡 | D7: 東 | E7: 豊川 | F7: 高師 | G7: 魚町 | I7: 合計
B8: 個数 | C8: =I6-250 -> 127 | D8: 70 | E8: 90 | F8: 70 | G8: 20 | I8: =SUM('日曜日出荷 小粒'!$C8:$G8) -> 377
C9: 90+α | D9: 蒲郡以外で | E9: =SUM(D8:G8) -> 250
C10: α= | D10: =C8-90 -> 37

Sheet 日曜日出荷　フクユタカ
A3: 日曜日出荷
B4: 列1 | C4: 列2 | D4: 列3 | E4: 列4 | F4: 列5 | G4: 列6
A5: フクユタカ | B5: シールの枚数 | C5: 6+α枚 | D5: ６枚 | E5: ６枚 | F5: 3枚 | G5: ３枚 | I5: 包装した数
A6: (商品コード) | B6: 商品コード | C6: 359 | D6: 362 | E6: 363 | F6: 360 | G6: 365 | I6: 386
B7: 店舗名 | C7: 蒲郡 | D7: 東 | E7: 豊川 | F7: 高師 | G7: 魚町 | I7: 合計
B8: 個数 | C8: =I6-260 -> 126 | D8: 80 | E8: 100 | F8: 60 | G8: 20 | I8: =SUM('日曜日出荷 フクユタカ'!$C8:$G8) -> 386
C9: 80+α | D9: 蒲郡以外で | E9: =SUM(D8:G8) -> 260
C10: α= | D10: =C8-80 -> 46

Sheet 平日出荷　小粒
A3: 平日出荷
B4: 列1 | C4: 列2 | D4: 列3 | E4: 列4 | F4: 列5 | G4: 列6
A5: 小粒 | B5: シールの枚数 | C5: 6+α枚 | D5: 3枚 | E5: ６枚 | F5: 3枚 | G5: ３枚 | I5: 包装した数
A6: (商品コード50) | B6: 商品コード | C6: 359 | D6: 362 | E6: 363 | F6: 360 | G6: 365 | I6: 389
B7: 店舗名 | C7: 蒲郡 | D7: 東 | E7: 豊川 | F7: 高師 | G7: 魚町 | I7: 合計
B8: 個数 | C8: =I6-250 -> 139 | D8: 60 | E8: 90 | F8: 60 | G8: 40 | I8: =SUM('平日出荷 小粒'!$C8:$G8) -> 389
C9: 90+α | D9: 蒲郡以外で | E9: =SUM(D8:G8) -> 250
C10: α= | D10: =C8-90 -> 49

Sheet 平日出荷　フクユタカ
A3: 平日出荷
B4: 列1 | C4: 列2 | D4: 列3 | E4: 列4 | F4: 列5 | G4: 列6
A5: フクユタカ | B5: シールの枚数 | C5: 6+α枚 | D5: ６枚 | E5: 3枚 | F5: ６枚 | G5: ３枚 | I5: 包装した数
A6: (商品コード) | B6: 商品コード | C6: 359 | D6: 362 | E6: 363 | F6: 360 | G6: 365 | I6: 377
B7: 店舗名 | C7: 蒲郡 | D7: 東 | E7: 豊川 | F7: 高師 | G7: 魚町 | I7: 合計
B8: 個数 | C8: =I6-280 -> 97 | D8: 90 | E8: 60 | F8: 80 | G8: 50 | I8: =SUM('平日出荷 フクユタカ'!$C8:$G8) -> 377
C9: 60+α | D9: 蒲郡以外で | E9: =SUM(D8:G8) -> 280
C10: α= | D10: =C8-60 -> 37
